"A","P","PR","CP","CI","D"
37.21,370000,3600,75018,miss,"PIJ0001"
37.21,370000,3600,75018,miss,"PIJ0001"
41.24,117000,5100,41330,miss,"Immediate"
21.43,145000,5500,92100,mister,"Differe"
21.43,145000,5500,92100,mister,"Differe"
33.41,205000,5400,93420,miss,"Immediate"
33.41,164000,5400,93420,miss,"Immediate"
33.41,199003,5400,93420,miss,"Immediate"
33.41,205000,5400,93420,miss,"Immediate"
33.41,164000,5400,93420,miss,"Immediate"
33.41,199003,5400,93420,miss,"Immediate"
60.47,20000,3600,75012,mister,"Immediate"
60.88,55000,3600,75012,mister,"Immediate"
60.88,71000,3600,75012,mister,"Immediate"
60.88,91000,3600,75012,mister,"Immediate"
29.08,8965,5500,27320,mister,"Immediate"
29.08,8965,5500,27320,mister,"Immediate"
33.69,183890,5400,69630,miss,"Immediate"
33.69,183000,5400,69630,miss,"Immediate"
31.68,124110,6100,54560,mister,"Immediate"
31.68,89614,6100,54560,mister,"Immediate"
31.68,89614,6100,54560,mister,"Immediate"
31.68,124110,6100,54560,mister,"Immediate"
31.68,89614,6100,54560,mister,"Immediate"
31.68,89614,6100,54560,mister,"Immediate"
75.01,7000,8600,34310,mrs,"Differe"
75.01,7000,8600,34310,mrs,"Differe"
75.01,3000,8600,34310,mrs,"Differe"
75.01,7000,8600,34310,mrs,"Differe"
75.01,7000,8600,34310,mrs,"Differe"
75.01,3000,8600,34310,mrs,"Differe"
49.11,84048,3600,75116,miss,"Immediate"
49.11,75838,3600,75116,miss,"Immediate"
49.11,70144,3600,75116,miss,"Immediate"
49.11,70144,3600,75116,miss,"Immediate"
49.11,84048,3600,75116,miss,"Immediate"
49.11,75838,3600,75116,miss,"Immediate"
49.11,70144,3600,75116,miss,"Immediate"
49.11,70144,3600,75116,miss,"Immediate"
49.11,84048,3600,75116,miss,"Immediate"
49.11,75838,3600,75116,miss,"Immediate"
49.11,70144,3600,75116,miss,"Immediate"
49.11,70144,3600,75116,miss,"Immediate"
30.93,26500,4500,54510,miss,"Immediate"
39.9,140000,3600,38270,mister,"Differe"
40.16,18793,5500,95350,mister,"Differe"
40.16,164035,5500,95350,mister,"Differe"
40.16,165301.4,5500,95350,mister,"Differe"
40.16,18793,5500,95350,mister,"Differe"
40.16,164035,5500,95350,mister,"Differe"
40.16,165301.4,5500,95350,mister,"Differe"
47.2,251216,3600,59178,mister,"PIJ0001"
47.2,251216,3600,59178,mister,"PIJ0001"
68.16,3000,7000,37460,mrs,"Differe"
33.04,89019.33,3600,99999,miss,"Immediate"
33.04,90719.33,3600,99999,miss,"Immediate"
33.04,90719.33,3600,99999,miss,"Immediate"
33.04,80000.1,3600,99999,miss,"Immediate"
33.04,263500,3600,99999,miss,"Immediate"
50.21,114752,6100,60190,mister,"Differe"
48.91,103040.75,3600,78600,mrs,"Immediate"
48.91,103040.75,3600,78600,mrs,"Immediate"
48.91,100832.34,3600,78600,mrs,"Immediate"
48.91,44397.14,3600,78600,mrs,"Immediate"
48.91,61002.77,3600,78600,mrs,"Immediate"
48.91,103040.75,3600,78600,mrs,"Immediate"
48.91,103040.75,3600,78600,mrs,"Immediate"
48.91,100832.34,3600,78600,mrs,"Immediate"
48.91,44397.14,3600,78600,mrs,"Immediate"
48.91,61002.77,3600,78600,mrs,"Immediate"
48.91,103040.75,3600,78600,mrs,"Immediate"
48.91,103040.75,3600,78600,mrs,"Immediate"
48.91,100832.34,3600,78600,mrs,"Immediate"
48.91,44397.14,3600,78600,mrs,"Immediate"
48.91,61002.77,3600,78600,mrs,"Immediate"
48.91,103040.75,3600,78600,mrs,"Immediate"
48.91,103040.75,3600,78600,mrs,"Immediate"
48.91,100832.34,3600,78600,mrs,"Immediate"
48.91,44397.14,3600,78600,mrs,"Immediate"
48.91,61002.77,3600,78600,mrs,"Immediate"
39.49,118000,3600,17000,mister,"Immediate"
39.49,118000,3600,17000,mister,"Immediate"
59.41,339311,3600,78000,mister,"Immediate"
59.41,339250,3600,78000,mister,"Immediate"
59.41,339311,3600,78000,mister,"Immediate"
51.79,280763,3600,83470,mister,"Differe"
51.79,280763,3600,83470,mister,"Differe"
51.79,280763,3600,83470,mister,"Differe"
31.33,235150,5400,91320,miss,"Immediate"
31.33,235150,5400,91320,miss,"Immediate"
31.33,235150,5400,91320,miss,"Immediate"
31.33,235150,5400,91320,miss,"Immediate"
41.08,253649.01,8600,69700,mrs,"Immediate"
41.08,253649.01,8600,69700,mrs,"Immediate"
41.08,253649.01,8600,69700,mrs,"PIJ0001"
41.08,253649.01,8600,69700,mrs,"PIJ0001"
28.3,220000,4700,78390,miss,"Immediate"
63.32,67995,2300,59300,mister,"Immediate"
55.66,5000,2000,56740,mister,"Immediate"
65.08,20000,2200,20166,mrs,"Immediate"
65.08,40000,2200,20166,mrs,"Immediate"
65.08,20000,2200,20166,mrs,"Immediate"
65.08,40000,2200,20166,mrs,"Immediate"
41.87,20142,5500,95470,miss,"Differe"
48.45,46385.94,3400,78260,mister,"Immediate"
48.45,228000,3400,78260,mister,"Immediate"
48.45,225000,3400,78260,mister,"Immediate"
48.45,46385.94,3400,78260,mister,"Immediate"
48.45,228000,3400,78260,mister,"Immediate"
48.45,225000,3400,78260,mister,"Immediate"
46.05,46385.94,3400,78260,mister,"Immediate"
46.05,228000,3400,78260,mister,"Immediate"
46.05,225000,3400,78260,mister,"Immediate"
46.05,46385.94,3400,78260,mister,"Immediate"
46.05,228000,3400,78260,mister,"Immediate"
46.05,225000,3400,78260,mister,"Immediate"
26.27,113208,4700,13200,mister,"Immediate"
26.27,101440,4700,13200,mister,"Immediate"
51.45,81921,4600,47200,miss,"Differe"
35.31,28848.28,5500,62110,mrs,"Immediate"
35.31,25940,5500,62110,mrs,"Immediate"
35.31,28848.28,5500,62110,mrs,"Immediate"
35.31,25940,5500,62110,mrs,"Immediate"
42.96,551619,3600,93100,mister,"PIJ0001"
42.77,551619,3600,93100,mister,"Immediate"
32.47,8000,5500,76110,miss,"Differe"
39.04,30000,5500,74220,mister,"Immediate"
39.04,32000,5500,74220,mister,"Immediate"
39.04,25000,5500,74220,mister,"Immediate"
31.62,456323,3600,93400,mrs,"Immediate"
31.62,456323,3600,93400,mrs,"Immediate"
34,456323,3600,93400,mrs,"Differe"
34,456323,3600,93400,mrs,"Differe"
31.6,45000,5500,06500,mister,"Differe"
63.81,30000,7600,71210,mister,"Differe"
63.86,30000,7600,71210,mister,"Differe"
53.94,269000,3400,78100,mrs,"Differe"
53.94,269000,3400,78100,mrs,"Differe"
53.94,269000,3400,78100,mrs,"Differe"
36.67,135100,5400,59190,mister,"Differe"
48.2,10000,2300,13110,mister,"Immediate"
51.04,50000,3600,28500,mister,"Differe"
51.04,50000,3600,28500,mister,"Differe"
34.87,26067,5500,35530,miss,"Immediate"
43.48,26067,5500,35530,miss,"Differe"
39.89,20000,2300,13110,mister,"Immediate"
39.89,6000,2300,13110,mister,"Immediate"
39.89,21600,2300,13110,mister,"Immediate"
39.89,6000,2300,13110,mister,"Immediate"
39.89,6000,2300,13110,mister,"Immediate"
39.89,6000,2300,13110,mister,"Immediate"
39.89,20000,2300,13110,mister,"Immediate"
39.89,6000,2300,13110,mister,"Immediate"
39.89,21600,2300,13110,mister,"Immediate"
39.89,6000,2300,13110,mister,"Immediate"
39.89,6000,2300,13110,mister,"Immediate"
39.89,6000,2300,13110,mister,"Immediate"
50.45,21000,2000,88110,mister,"Immediate"
50.45,15000,2000,88110,mister,"Immediate"
38.83,103000,2300,40380,mister,"Differe"
38.83,116700,2300,40380,mister,"Differe"
56.06,180000,3600,75012,mister,"PIJ0001"
48.05,92000,3300,74000,miss,"Immediate"
48.05,92000,3300,74000,miss,"Immediate"
29.7,20000,311B,31330,miss,"Differe"
46.23,146928,3300,68330,mrs,"Immediate"
46.23,170450,3300,68330,mrs,"Immediate"
46.23,146928,3300,68330,mrs,"Immediate"
46.23,146928,3300,68330,mrs,"Immediate"
46.23,334100,3300,68330,mrs,"Immediate"
46.23,146928,3300,68330,mrs,"Immediate"
46.23,170450,3300,68330,mrs,"Immediate"
46.23,146928,3300,68330,mrs,"Immediate"
46.23,146928,3300,68330,mrs,"Immediate"
46.23,334100,3300,68330,mrs,"Immediate"
46.23,146928,3300,68330,mrs,"Immediate"
46.23,170450,3300,68330,mrs,"Immediate"
46.23,146928,3300,68330,mrs,"Immediate"
46.23,146928,3300,68330,mrs,"Immediate"
46.23,334100,3300,68330,mrs,"Immediate"
46.23,146928,3300,68330,mrs,"Immediate"
46.23,170450,3300,68330,mrs,"Immediate"
46.23,146928,3300,68330,mrs,"Immediate"
46.23,146928,3300,68330,mrs,"Immediate"
46.23,334100,3300,68330,mrs,"Immediate"
39.47,100000,3300,68330,mrs,"Immediate"
39.47,146928,3300,68330,mrs,"Immediate"
39.47,170450,3300,68330,mrs,"Immediate"
39.47,146928,3300,68330,mrs,"Immediate"
39.47,334100,3300,68330,mrs,"Immediate"
39.47,100000,3300,68330,mrs,"Immediate"
39.47,146928,3300,68330,mrs,"Immediate"
39.47,170450,3300,68330,mrs,"Immediate"
39.47,146928,3300,68330,mrs,"Immediate"
39.47,334100,3300,68330,mrs,"Immediate"
39.47,100000,3300,68330,mrs,"Immediate"
39.47,146928,3300,68330,mrs,"Immediate"
39.47,170450,3300,68330,mrs,"Immediate"
39.47,146928,3300,68330,mrs,"Immediate"
39.47,334100,3300,68330,mrs,"Immediate"
39.47,100000,3300,68330,mrs,"Immediate"
39.47,146928,3300,68330,mrs,"Immediate"
39.47,170450,3300,68330,mrs,"Immediate"
39.47,146928,3300,68330,mrs,"Immediate"
39.47,334100,3300,68330,mrs,"Immediate"
39.47,100000,3300,68330,mrs,"Immediate"
39.47,146928,3300,68330,mrs,"Immediate"
39.47,170450,3300,68330,mrs,"Immediate"
39.47,146928,3300,68330,mrs,"Immediate"
39.47,334100,3300,68330,mrs,"Immediate"
38.46,12300,5400,10200,miss,"Differe"
55.8,60000,3100,35400,mister,"Differe"
55.8,26900,3100,35400,mister,"Differe"
24.58,218000,5500,75015,mister,"Differe"
51.58,225406.33,5600,94240,mister,"Differe"
51.58,226786.03,5600,94240,mister,"Differe"
51.58,226786.03,5600,94240,mister,"Differe"
51.58,225406.33,5600,94240,mister,"PIJ0001"
51.58,226786.03,5600,94240,mister,"PIJ0001"
51.58,226786.03,5600,94240,mister,"PIJ0001"
29.97,290000,3600,78400,mister,"Immediate"
37.29,290000,3600,78400,mister,"Immediate"
53.95,50000,3100,18110,mister,"Immediate"
53.95,10000,3100,18110,mister,"Immediate"
53.95,10000,3100,18110,mister,"Immediate"
46.72,25900,431G,64510,mrs,"Immediate"
46.72,31000,431G,64510,mrs,"Immediate"
46.72,31000,431G,64510,mrs,"Immediate"
46.72,5000,431G,64510,mrs,"Immediate"
41.6,672000,2300,92100,mister,"Immediate"
58.78,25000,3600,93160,mrs,"Immediate"
58.78,30000,3600,93160,mrs,"Immediate"
37.28,154017.2,3400,33100,miss,"Immediate"
37.28,154017.2,3400,33100,miss,"Immediate"
35.61,208020,4700,94310,mrs,"PIJ0001"
35.61,263000,4700,94310,mrs,"PIJ0001"
35.41,208020,4700,94310,mrs,"Immediate"
35.41,263000,4700,94310,mrs,"Immediate"
54.44,50398.98,5400,34500,mrs,"Differe"
54.44,50398.98,5400,34500,mrs,"Differe"
53.13,78600,6100,63300,mister,"Immediate"
53.13,81135,6100,63300,mister,"Immediate"
40.04,18100,211D,31270,mrs,"Immediate"
40.04,39350,211D,31270,mrs,"Immediate"
40.04,39350,211D,31270,mrs,"Immediate"
30.44,7200,2300,20137,mister,"Immediate"
30.44,20000,2300,20137,mister,"Immediate"
44.06,89105,3500,16000,mister,"Immediate"
29.88,313034,3600,75018,mrs,"Differe"
51.09,94800,3600,13720,mister,"Differe"
51.09,94800,3600,13720,mister,"Differe"
37.72,55000,2300,38140,mister,"Differe"
57.89,185025,2300,64480,mister,"Differe"
49.63,185025,2300,64480,mister,"Immediate"
27.73,306521.73,3100,77310,miss,"Differe"
27.73,306521.73,3100,77310,miss,"Differe"
31.91,284820,3600,75017,miss,"Immediate"
31.91,429600,3600,75017,miss,"Immediate"
31.91,284820,3600,75017,miss,"Immediate"
31.91,429600,3600,75017,miss,"Immediate"
31.91,284820,3600,75017,miss,"PIJ0001"
31.91,429600,3600,75017,miss,"PIJ0001"
37.59,163179,5400,91130,mrs,"Immediate"
37.59,159014,5400,91130,mrs,"Immediate"
37.59,158793,5400,91130,mrs,"Immediate"
37.59,163179,5400,91130,mrs,"Immediate"
37.59,159014,5400,91130,mrs,"Immediate"
37.59,158793,5400,91130,mrs,"Immediate"
21.98,120000,3600,95100,miss,"Differe"
21.98,120000,3600,95100,miss,"Differe"
21.98,39000,3600,95100,miss,"Differe"
21.98,120000,3600,95100,miss,"Immediate"
21.98,120000,3600,95100,miss,"Immediate"
21.98,39000,3600,95100,miss,"Immediate"
38.88,15000,3600,06340,mister,"Immediate"
38.88,126178,3600,06340,mister,"Immediate"
38.88,105100,3600,06340,mister,"Immediate"
38.88,15000,3600,06340,mister,"Immediate"
38.88,126178,3600,06340,mister,"Immediate"
38.88,105100,3600,06340,mister,"Immediate"
38.88,15000,3600,06340,mister,"Immediate"
38.88,126178,3600,06340,mister,"Immediate"
38.88,105100,3600,06340,mister,"Immediate"
42.7,76000,3300,06220,mrs,"Immediate"
42.7,76000,3300,06220,mrs,"Immediate"
43.14,110867.12,3600,78460,mrs,"Immediate"
43.14,110867.12,3600,78460,mrs,"Immediate"
36.92,42637.54,8100,35230,miss,"Immediate"
48.73,93000,6100,06000,mister,"Differe"
33.3,165069,5400,81600,miss,"Differe"
41.98,162872,4700,13012,mister,"Differe"
45.46,50503,3600,78160,mister,"Immediate"
45.46,61698,3600,78160,mister,"Immediate"
45.46,95583,3600,78160,mister,"Immediate"
45.46,69396,3600,78160,mister,"Immediate"
45.46,582664,3600,78160,mister,"Immediate"
45.46,50503,3600,78160,mister,"Immediate"
45.46,61698,3600,78160,mister,"Immediate"
45.46,95583,3600,78160,mister,"Immediate"
45.46,69396,3600,78160,mister,"Immediate"
45.46,582664,3600,78160,mister,"Immediate"
45.46,50503,3600,78160,mister,"Immediate"
45.46,61698,3600,78160,mister,"Immediate"
45.46,95583,3600,78160,mister,"Immediate"
45.46,69396,3600,78160,mister,"Immediate"
45.46,582664,3600,78160,mister,"Immediate"
45.46,50503,3600,78160,mister,"PIJ0001"
45.46,61698,3600,78160,mister,"PIJ0001"
45.46,95583,3600,78160,mister,"PIJ0001"
45.46,69396,3600,78160,mister,"PIJ0001"
45.46,582664,3600,78160,mister,"PIJ0001"
45.46,50503,3600,78160,mister,"Immediate"
45.46,61698,3600,78160,mister,"Immediate"
45.46,95583,3600,78160,mister,"Immediate"
45.46,69396,3600,78160,mister,"Immediate"
45.46,582664,3600,78160,mister,"Immediate"
38.33,20000,2200,75014,mister,"Immediate"
38.33,20000,2200,75014,mister,"Immediate"
36.22,95000,3600,86180,mister,"Immediate"
71.85,6000,7000,76910,mister,"Immediate"
66.63,44000,5500,26200,mrs,"Immediate"
66.63,44000,5500,26200,mrs,"Immediate"
66.63,20000,5500,26200,mrs,"Immediate"
66.63,50000,5500,26200,mrs,"Immediate"
66.63,30000,5500,26200,mrs,"Immediate"
66.63,50000,5500,26200,mrs,"Immediate"
66.63,50000,5500,26200,mrs,"Immediate"
66.63,75000,5500,26200,mrs,"Immediate"
66.63,75000,5500,26200,mrs,"Immediate"
66.63,44000,5500,26200,mrs,"Immediate"
66.63,44000,5500,26200,mrs,"Immediate"
66.63,20000,5500,26200,mrs,"Immediate"
66.63,50000,5500,26200,mrs,"Immediate"
66.63,30000,5500,26200,mrs,"Immediate"
66.63,50000,5500,26200,mrs,"Immediate"
66.63,50000,5500,26200,mrs,"Immediate"
66.63,75000,5500,26200,mrs,"Immediate"
66.63,75000,5500,26200,mrs,"Immediate"
66.63,44000,5500,26200,mrs,"Immediate"
66.63,44000,5500,26200,mrs,"Immediate"
66.63,20000,5500,26200,mrs,"Immediate"
66.63,50000,5500,26200,mrs,"Immediate"
66.63,30000,5500,26200,mrs,"Immediate"
66.63,50000,5500,26200,mrs,"Immediate"
66.63,50000,5500,26200,mrs,"Immediate"
66.63,75000,5500,26200,mrs,"Immediate"
66.63,75000,5500,26200,mrs,"Immediate"
66.89,100000,3100,53400,mister,"Differe"
41.66,123606.91,226C,40200,miss,"Immediate"
41.66,123606.91,226C,40200,miss,"Immediate"
56.83,216617,3100,93100,mrs,"PIJ0001"
56.83,218832,3100,93100,mrs,"PIJ0001"
56.83,216617,3100,93100,mrs,"PIJ0001"
56.83,218832,3100,93100,mrs,"PIJ0001"
25.12,161740,5500,13011,miss,"Immediate"
25.12,161740,5500,13011,miss,"Immediate"
25.12,161000,5500,13011,miss,"Immediate"
25.12,161740,5500,13011,miss,"Immediate"
25.12,161740,5500,13011,miss,"Immediate"
25.12,161000,5500,13011,miss,"Immediate"
58.79,144111,4700,31140,mister,"Immediate"
58.79,145548,4700,31140,mister,"Immediate"
58.79,176950,4700,31140,mister,"Immediate"
58.79,144111,4700,31140,mister,"Immediate"
58.79,176950,4700,31140,mister,"Immediate"
58.79,176950,4700,31140,mister,"Immediate"
58.79,144111,4700,31140,mister,"Immediate"
58.79,145548,4700,31140,mister,"Immediate"
58.79,176950,4700,31140,mister,"Immediate"
58.79,144111,4700,31140,mister,"Immediate"
58.79,176950,4700,31140,mister,"Immediate"
58.79,176950,4700,31140,mister,"Immediate"
48.27,360000,5400,78540,miss,"Differe"
43.06,51035.14,5100,83160,mister,"Immediate"
43.06,250705.02,5100,83160,mister,"Immediate"
43.06,250705.02,5100,83160,mister,"Immediate"
43.06,51035.14,5100,83160,mister,"Immediate"
42.15,363600,4500,75002,miss,"Differe"
39.11,127975,7300,77100,mister,"Immediate"
52.22,125000,5100,95170,mister,"Differe"
56.91,45000,2100,94250,mister,"Immediate"
28.18,135683.23,3600,74200,mister,"Differe"
37.27,230000,5400,93500,mister,"Immediate"
50.26,103571,3600,69003,mister,"Immediate"
37.93,30000,5400,86540,miss,"Immediate"
37.93,30000,5400,86540,miss,"Immediate"
37.93,45546,5400,86540,miss,"Immediate"
37.93,111800,5400,86540,miss,"Immediate"
37.93,112100,5400,86540,miss,"Immediate"
62.25,120000,3500,75018,mister,"PIJ0001"
62.25,100000,3500,75018,mister,"PIJ0001"
62.25,80000,3500,75018,mister,"PIJ0001"
31.09,10806.14,5500,42230,mister,"Differe"
58.78,30000,3100,69490,mister,"Immediate"
52.98,7500,2300,69610,mister,"Immediate"
52.98,3000,2300,69610,mister,"Immediate"
52.98,10000,2300,69610,mister,"Immediate"
52.98,88400,2300,69610,mister,"Immediate"
52.98,88400,2300,69610,mister,"Immediate"
52.98,6000,2300,69610,mister,"Immediate"
52.98,6000,2300,69610,mister,"Immediate"
52.98,78400,2300,69610,mister,"Immediate"
52.98,78400,2300,69610,mister,"Immediate"
52.98,7500,2300,69610,mister,"Immediate"
52.98,3000,2300,69610,mister,"Immediate"
52.98,10000,2300,69610,mister,"Immediate"
52.98,88400,2300,69610,mister,"Immediate"
52.98,88400,2300,69610,mister,"Immediate"
52.98,6000,2300,69610,mister,"Immediate"
52.98,6000,2300,69610,mister,"Immediate"
52.98,78400,2300,69610,mister,"Immediate"
52.98,78400,2300,69610,mister,"Immediate"
52.98,7500,2300,69610,mister,"Immediate"
52.98,3000,2300,69610,mister,"Immediate"
52.98,10000,2300,69610,mister,"Immediate"
52.98,88400,2300,69610,mister,"Immediate"
52.98,88400,2300,69610,mister,"Immediate"
52.98,6000,2300,69610,mister,"Immediate"
52.98,6000,2300,69610,mister,"Immediate"
52.98,78400,2300,69610,mister,"Immediate"
52.98,78400,2300,69610,mister,"Immediate"
32.7,115618,3600,45160,mrs,"Immediate"
50.53,8000,2200,13003,mister,"Immediate"
54.64,144000,3100,99999,mister,"Differe"
50.96,126765,2300,94800,mister,"Immediate"
50.96,126765,2300,94800,mister,"Immediate"
50.96,428000,2300,94800,mister,"Immediate"
50.96,454000,2300,94800,mister,"Immediate"
50.96,453000,2300,94800,mister,"Immediate"
50.96,400000,2300,94800,mister,"Immediate"
39.46,30000,3600,94130,miss,"Immediate"
39.46,75001,3600,94130,miss,"Immediate"
39.46,340657,3600,94130,miss,"Immediate"
39.46,339000,3600,94130,miss,"Immediate"
39.46,30000,3600,94130,miss,"Immediate"
39.46,75001,3600,94130,miss,"Immediate"
39.46,340657,3600,94130,miss,"Immediate"
39.46,339000,3600,94130,miss,"Immediate"
36.16,563770,3600,59800,mister,"PIJ0001"
36.16,633988,3600,59800,mister,"PIJ0001"
36.16,563770,3600,59800,mister,"PIJ0001"
36.16,633988,3600,59800,mister,"PIJ0001"
36.16,563770,3600,59800,mister,"PIJ0001"
36.16,633988,3600,59800,mister,"PIJ0001"
36.16,563770,3600,59800,mister,"PIJ0001"
36.16,633988,3600,59800,mister,"PIJ0001"
52.5,249636,3600,78570,mister,"Differe"
52.5,249636,3600,78570,mister,"Differe"
52.5,249336,3600,78570,mister,"Differe"
52.5,249336,3600,78570,mister,"Differe"
52.5,282100,3600,78570,mister,"Differe"
52.5,382100,3600,78570,mister,"Differe"
52.5,249636,3600,78570,mister,"Differe"
52.5,249636,3600,78570,mister,"Differe"
52.5,249336,3600,78570,mister,"Differe"
52.5,249336,3600,78570,mister,"Differe"
52.5,282100,3600,78570,mister,"Differe"
52.5,382100,3600,78570,mister,"Differe"
49.04,249636,3600,78570,mister,"Differe"
49.04,249636,3600,78570,mister,"Differe"
49.04,249636,3600,78570,mister,"Differe"
49.04,249336,3600,78570,mister,"Differe"
49.04,282100,3600,78570,mister,"Differe"
49.04,382100,3600,78570,mister,"Differe"
28.73,6000,6100,45190,mister,"Differe"
38.67,50000,2200,77700,miss,"Immediate"
38.67,50000,2200,77700,miss,"PIJ0001"
60.98,30000,3600,62840,mister,"Immediate"
60.98,50000,3600,62840,mister,"Immediate"
60.98,60000,3600,62840,mister,"Immediate"
32.88,20389,5100,69009,miss,"Immediate"
32.88,138081,5100,69009,miss,"Immediate"
32.88,20389,5100,69009,miss,"Immediate"
32.88,138081,5100,69009,miss,"Immediate"
51.3,130000,3600,93250,mister,"Immediate"
51.3,105000,3600,93250,mister,"Immediate"
51.3,12000,3600,93250,mister,"Immediate"
51.3,12000,3600,93250,mister,"Immediate"
33.24,108000,3100,76130,miss,"Immediate"
33.24,110000,3100,76130,miss,"Immediate"
41.22,258940,5400,77166,mister,"Immediate"
41.22,258940,5400,77166,mister,"Immediate"
29.95,191000,5100,07700,mrs,"Immediate"
41.33,26000,8100,08600,mrs,"Differe"
45.17,3000,2000,44220,mister,"Immediate"
45.17,3000,2000,44220,mister,"Immediate"
48.8,30400,2000,27460,mister,"Immediate"
26.8,243439,4700,14112,mister,"Differe"
26.8,229414,4700,14112,mister,"Differe"
48.83,99000,2300,26300,mister,"Immediate"
48.83,40000,2300,26300,mister,"Immediate"
18.33,44000,8400,75015,mister,"Immediate"
40.46,195000,3600,95100,miss,"Immediate"
40.46,131621.51,3600,95100,miss,"Immediate"
40.46,140676.09,3600,95100,miss,"Immediate"
40.46,131621.51,3600,95100,miss,"Immediate"
40.46,140676.09,3600,95100,miss,"Immediate"
39.32,195000,3600,95100,miss,"Differe"
39.32,140676.09,3600,95100,miss,"Differe"
39.32,140676.09,3600,95100,miss,"Differe"
39.32,131621.51,3600,95100,miss,"Differe"
39,19000,3600,83270,mister,"Immediate"
39,142062.02,3600,83270,mister,"Immediate"
34.3,355000,3600,60100,mister,"Differe"
34.3,355000,3600,60100,mister,"Immediate"
43.23,381000,3600,75019,mister,"PIJ0001"
42.94,152000,4700,59320,mister,"Differe"
43.38,24600,5100,22440,mrs,"Differe"
43.38,13697.38,5100,22440,mrs,"Differe"
41,24600,5100,22440,mrs,"Immediate"
41,13697.38,5100,22440,mrs,"Immediate"
35.53,127115.52,5400,71240,mrs,"Immediate"
34.87,91564.21,3600,92320,miss,"Differe"
34.87,91564.21,3600,92320,miss,"Differe"
61.21,32420.57,5100,36400,mrs,"Immediate"
61.21,36800,5100,36400,mrs,"Immediate"
61.21,36800,5100,36400,mrs,"Immediate"
59.2,32420.57,5100,36400,mrs,"Immediate"
59.2,36800,5100,36400,mrs,"Immediate"
59.2,36800,5100,36400,mrs,"Immediate"
41.12,33200,6100,50730,mister,"Differe"
41.12,22792.68,6100,50730,mister,"Differe"
41.12,22792.68,6100,50730,mister,"Differe"
41.12,31960.52,6100,50730,mister,"Differe"
41.12,13640.56,6100,50730,mister,"Differe"
41.78,13717.72,6100,34540,mister,"Immediate"
40.15,13717.72,6100,34540,mister,"Differe"
60.52,316751.51,2300,51310,mister,"Differe"
60.52,316751.51,2300,51310,mister,"Differe"
60.52,316751.51,2300,51310,mister,"Differe"
60.52,316751.51,2300,51310,mister,"Differe"
60.52,316751.51,2300,51310,mister,"Differe"
60.52,316751.51,2300,51310,mister,"Differe"
24.9,132000,5400,77450,miss,"Immediate"
45.72,156530,5500,77000,mister,"Differe"
45.72,156530,5500,77000,mister,"Differe"
38.87,23800,311F,52320,mister,"Immediate"
37.85,82455,3100,31460,miss,"Immediate"
37.85,82025,3100,31460,miss,"Immediate"
37.85,82455,3100,31460,miss,"Immediate"
37.85,82025,3100,31460,miss,"Immediate"
27.43,230824,5500,59113,mister,"Immediate"
27.43,196035,5500,59113,mister,"Immediate"
31.63,559000,3600,75015,mrs,"Immediate"
31.63,559000,3600,75015,mrs,"Immediate"
31.63,570940,3600,75015,mrs,"Immediate"
46.08,151500,3100,75017,mister,"Differe"
46.08,151500,3100,75017,mister,"Differe"
46.08,151500,3100,75017,mister,"Differe"
46.08,151500,3100,75017,mister,"Differe"
50.13,120000,2300,33160,mrs,"Immediate"
51.79,15500,233D,77410,mister,"Immediate"
51.79,15300,233D,77410,mister,"Immediate"
51.79,15500,233D,77410,mister,"Immediate"
51.79,15300,233D,77410,mister,"Immediate"
37.34,190000,3300,75016,mister,"Immediate"
47.55,361661.76,3600,13100,mister,"PIJ0001"
39.53,405477.26,3600,94200,mrs,"Immediate"
39.53,458625,3600,94200,mrs,"Immediate"
39.53,458625,3600,94200,mrs,"Immediate"
65.56,3000,5600,92000,mrs,"Differe"
29.43,136703,3600,69130,mrs,"Immediate"
63.25,75631,7300,95230,mrs,"Immediate"
63.25,65350,7300,95230,mrs,"Immediate"
49.33,60000,2000,66820,miss,"Immediate"
63.77,46889.48,7200,17540,mrs,"Immediate"
63.77,46889.48,7200,17540,mrs,"Immediate"
63.77,46946,7200,17540,mrs,"Immediate"
63.77,52300,7200,17540,mrs,"Immediate"
63.77,52300,7200,17540,mrs,"Immediate"
63.77,51400,7200,17540,mrs,"Immediate"
61.23,16000,2300,95180,mister,"Immediate"
60.59,35000,4600,06590,miss,"Immediate"
30.72,430000,3400,51300,mrs,"Differe"
30.72,430000,3400,51300,mrs,"Differe"
30.72,430000,3400,51300,mrs,"Differe"
30.72,400000,3400,51300,mrs,"Differe"
30.72,430000,3400,51300,mrs,"Differe"
30.72,430000,3400,51300,mrs,"Differe"
30.72,430000,3400,51300,mrs,"Differe"
30.72,400000,3400,51300,mrs,"Differe"
43.52,136888.52,5400,78100,mrs,"PIJ0001"
43.52,136888.52,5400,78100,mrs,"PIJ0001"
43.52,945161,5400,78100,mrs,"PIJ0001"
43.52,136888.52,5400,78100,mrs,"PIJ0001"
43.52,136888.52,5400,78100,mrs,"PIJ0001"
43.52,945161,5400,78100,mrs,"PIJ0001"
39.05,61050,5600,69780,mrs,"Immediate"
39.05,61050,5600,69780,mrs,"Immediate"
37.46,20440,6100,09000,mister,"Differe"
65.65,20000,3100,13450,mister,"Immediate"
40.05,94256,3500,75011,mister,"Differe"
37.28,93663.7,3600,78600,mister,"Differe"
37.28,189797.2,3600,78600,mister,"Differe"
37.28,188126.39,3600,78600,mister,"Differe"
37.28,188126.39,3600,78600,mister,"Differe"
37.28,93663.7,3600,78600,mister,"Differe"
37.28,189797.2,3600,78600,mister,"Differe"
37.28,188126.39,3600,78600,mister,"Differe"
37.28,188126.39,3600,78600,mister,"Differe"
37.28,93663.7,3600,78600,mister,"Differe"
37.28,189797.2,3600,78600,mister,"Differe"
37.28,188126.39,3600,78600,mister,"Differe"
37.28,188126.39,3600,78600,mister,"Differe"
37.28,93663.7,3600,78600,mister,"Differe"
37.28,189797.2,3600,78600,mister,"Differe"
37.28,188126.39,3600,78600,mister,"Differe"
37.28,188126.39,3600,78600,mister,"Differe"
71.5,28915,7000,70200,mister,"Differe"
52.92,25205,5600,89160,mrs,"Immediate"
53.88,25205,5600,89160,mrs,"Immediate"
26.69,65000,6100,68330,mister,"Immediate"
47.23,125533,3300,75012,mister,"Immediate"
47.23,125518.32,3300,75012,mister,"Immediate"
47.23,125533,3300,75012,mister,"Immediate"
47.23,125518.32,3300,75012,mister,"Immediate"
39.76,72096.95,3600,75013,miss,"Immediate"
39.76,72096.95,3600,75013,miss,"Immediate"
39.76,72096.95,3600,75013,miss,"Immediate"
39.76,72096.95,3600,75013,miss,"Immediate"
41.11,226600,6100,26300,miss,"Immediate"
41.11,226600,6100,26300,miss,"Immediate"
41.11,226600,6100,26300,miss,"Immediate"
39.05,3000,3100,83670,mister,"Immediate"
35.58,112870.46,3600,76150,mister,"Immediate"
35.58,114624.98,3600,76150,mister,"Immediate"
35.58,114624.98,3600,76150,mister,"Immediate"
35.58,116056.8,3600,76150,mister,"Immediate"
35.58,219228,3600,76150,mister,"Immediate"
59.04,100179,5100,17440,mister,"Differe"
59.04,100179.7,5100,17440,mister,"Differe"
34.97,514674.87,3300,94140,mister,"Differe"
44.22,35000,3300,92200,mister,"PIJ0001"
44.22,35000,3300,92200,mister,"PIJ0001"
46.83,131878.51,3600,91800,mister,"Immediate"
51.3,60000,8500,17137,mrs,"Immediate"
28.86,218594.61,5400,95310,mrs,"Immediate"
40.49,30000,2200,73800,mrs,"Immediate"
48.61,157912,222B,78340,mister,"Immediate"
48.61,173975,222B,78340,mister,"Immediate"
48.61,157912,222B,78340,mister,"Immediate"
48.61,173975,222B,78340,mister,"Immediate"
59.02,40000,2100,12400,mister,"Immediate"
57.42,62168,2300,30400,mister,"PIJ0001"
57.42,40000,2300,30400,mister,"PIJ0001"
57.42,1240419,2300,30400,mister,"PIJ0001"
57.42,380000,2300,30400,mister,"PIJ0001"
46.08,13000,2000,95190,mister,"Differe"
46.08,13000,2000,95190,mister,"Differe"
46.08,13000,2000,95190,mister,"Differe"
35.27,175355,8100,77330,miss,"Immediate"
35.27,175355,8100,77330,miss,"Immediate"
38.81,175355,8100,77330,miss,"Immediate"
46.86,65000,2000,75010,mister,"Immediate"
46.86,135000,2000,75010,mister,"Immediate"
46.86,65000,2000,75010,mister,"Immediate"
46.86,135000,2000,75010,mister,"Immediate"
46.86,65000,2000,75010,mister,"Immediate"
46.86,135000,2000,75010,mister,"Immediate"
46.86,65000,2000,75010,mister,"Immediate"
46.86,135000,2000,75010,mister,"Immediate"
46.86,65000,2000,75010,mister,"Immediate"
46.86,135000,2000,75010,mister,"Immediate"
46.86,65000,2000,75010,mister,"Immediate"
46.86,135000,2000,75010,mister,"Immediate"
46.86,65000,2000,75010,mister,"Immediate"
46.86,135000,2000,75010,mister,"Immediate"
46.86,65000,2000,75010,mister,"Immediate"
46.86,135000,2000,75010,mister,"Immediate"
46.86,65000,2000,75010,mister,"Immediate"
46.86,135000,2000,75010,mister,"Immediate"
46.86,65000,2000,75010,mister,"Immediate"
46.86,135000,2000,75010,mister,"Immediate"
69.05,53351,7000,17140,mister,"Differe"
51.16,250000,3400,78100,mrs,"Differe"
35.14,179934,5400,69230,mrs,"Differe"
35.14,179057,5400,69230,mrs,"Differe"
48.91,207290,2300,14000,mister,"Immediate"
48.91,206290,2300,14000,mister,"Immediate"
48.91,120000,2300,14000,mister,"Immediate"
48.91,120000,2300,14000,mister,"Immediate"
48.91,120000,2300,14000,mister,"Immediate"
30.23,310415,5400,93200,mister,"Immediate"
30.23,310415,5400,93200,mister,"Immediate"
56.9,46400,2200,12510,mister,"Differe"
56.9,46400,2200,12510,mister,"Differe"
53.09,46400,2200,12510,mister,"Differe"
53.09,46400,2200,12510,mister,"Differe"
53.09,46400,2200,12510,mister,"Differe"
53.09,46435,2200,12510,mister,"Differe"
53.09,10000,2200,12510,mister,"Differe"
53.09,13000,2200,12510,mister,"Differe"
35.74,163045,6100,76430,mister,"Immediate"
35.74,178500,6100,76430,mister,"Immediate"
35.74,156000,6100,76430,mister,"Immediate"
26.09,80000,4700,37130,mister,"Immediate"
26.09,250000,4700,37130,mister,"Immediate"
60.81,90000,3600,69580,mrs,"Differe"
60.81,90000,3600,69580,mrs,"Differe"
61.12,90000,3600,69580,mrs,"Differe"
61.12,90000,3600,69580,mrs,"Differe"
61.12,90000,3600,69580,mrs,"Differe"
61.12,90000,3600,69580,mrs,"Differe"
61.12,90000,3600,69580,mrs,"Differe"
61.12,90000,3600,69580,mrs,"Differe"
61.12,90000,3600,69580,mrs,"Differe"
61.12,90000,3600,69580,mrs,"Differe"
36.9,28529.58,3100,11000,mrs,"Differe"
36.9,28529.58,3100,11000,mrs,"Differe"
31.09,223622.56,3100,11000,mrs,"Immediate"
31.37,45000,3600,94240,mister,"PIJ0001"
31.37,505000,3600,94240,mister,"PIJ0001"
33.15,164000,3600,69004,mister,"Immediate"
26.34,245000,5400,95130,mister,"Immediate"
26.18,245000,5400,95130,mister,"Immediate"
39.53,143827,3600,80330,miss,"Immediate"
41.04,143827,3600,80330,miss,"Immediate"
72.02,17647,4700,64320,mister,"Differe"
72.02,14000,4700,64320,mister,"Differe"
34.55,30273,4700,30290,mister,"Immediate"
34.55,115526,4700,30290,mister,"Immediate"
34.55,30273,4700,30290,mister,"Immediate"
34.55,115526,4700,30290,mister,"Immediate"
33.85,30273,4700,30290,mister,"Differe"
33.85,115526,4700,30290,mister,"Differe"
33.85,30273,4700,30290,mister,"Differe"
33.85,115526,4700,30290,mister,"Differe"
58.62,340000,3600,84500,mrs,"PIJ0001"
52.19,41000,3600,75006,mister,"Differe"
40.94,183666,5400,93370,mister,"Immediate"
40.94,184483.35,5400,93370,mister,"Immediate"
51.41,253724.39,3600,95280,mister,"Differe"
38.33,20000,2200,75014,mister,"Immediate"
38.33,20000,2200,75014,mister,"Immediate"
39.79,72100,3500,93160,mister,"Immediate"
39.79,83580,3500,93160,mister,"Immediate"
56.82,268237,3600,06610,mister,"Differe"
56.82,268237,3600,06610,mister,"Differe"
50.86,78000,7300,91550,mister,"Immediate"
50.86,78000,7300,91550,mister,"Immediate"
50.86,70000,7300,91550,mister,"Immediate"
32.83,277900.6,3600,92400,miss,"Immediate"
32.83,278000,3600,92400,miss,"Immediate"
32.83,278000,3600,92400,miss,"Immediate"
32.83,277900.6,3600,92400,miss,"Immediate"
32.83,278000,3600,92400,miss,"Immediate"
32.83,278000,3600,92400,miss,"Immediate"
32.83,277900.6,3600,92400,miss,"Immediate"
32.83,278000,3600,92400,miss,"Immediate"
32.83,278000,3600,92400,miss,"Immediate"
36.63,277900.6,3600,92400,miss,"Immediate"
36.63,278000,3600,92400,miss,"Immediate"
36.63,278000,3600,92400,miss,"Immediate"
36.63,277900.6,3600,92400,miss,"Immediate"
36.63,278000,3600,92400,miss,"Immediate"
36.63,278000,3600,92400,miss,"Immediate"
36.63,277900.6,3600,92400,miss,"Immediate"
36.63,278000,3600,92400,miss,"Immediate"
36.63,278000,3600,92400,miss,"Immediate"
51.04,57498,3600,67460,mrs,"Immediate"
51.04,154508,3600,67460,mrs,"Immediate"
34.79,178333,2200,97300,mister,"Differe"
34.79,178333,2200,97300,mister,"Differe"
32,317627.52,3600,95220,mister,"Immediate"
32,317627.52,3600,95220,mister,"Immediate"
32,317627.52,3600,95220,mister,"Immediate"
47.16,194676,3400,69530,mister,"Immediate"
34.85,165660,6100,76260,mister,"Immediate"
71.51,379500,4700,75014,mrs,"PIJ0001"
71.51,379500,4700,75014,mrs,"PIJ0001"
71.51,50000,4700,75014,mrs,"PIJ0001"
71.51,379500,4700,75014,mrs,"PIJ0001"
71.51,41000,4700,75014,mrs,"PIJ0001"
71.51,11455,4700,75014,mrs,"PIJ0001"
29.29,179000,5400,94350,mister,"Differe"
29.29,179000,5400,94350,mister,"Differe"
61.49,101028,2200,88000,mister,"Immediate"
61.49,100628,2200,88000,mister,"Immediate"
31.58,25424.01,3600,59890,mister,"Immediate"
54.53,212526,3500,20137,mister,"Immediate"
54.53,40000,3500,20137,mister,"Immediate"
54.53,40000,3500,20137,mister,"Immediate"
54.53,212526,3500,20137,mister,"Immediate"
54.53,40000,3500,20137,mister,"Immediate"
54.53,40000,3500,20137,mister,"Immediate"
27.88,310328,3600,76520,mister,"Immediate"
27.88,310328,3600,76520,mister,"Immediate"
27.88,5000,3600,76520,mister,"Immediate"
33.19,220000,3600,91300,miss,"Immediate"
33.23,290000,3600,69007,mister,"Immediate"
60.11,40000,3100,44115,mister,"Immediate"
60.11,40000,3100,44115,mister,"Immediate"
50.3,140000,2300,75019,mister,"Immediate"
50.3,140000,2300,75019,mister,"Immediate"
50.3,140000,2300,75019,mister,"Immediate"
50.3,140000,2300,75019,mister,"Immediate"
50.3,35000,2300,75019,mister,"Immediate"
50.3,10000,2300,75019,mister,"Immediate"
50.3,148300,2300,75019,mister,"Immediate"
50.3,148300,2300,75019,mister,"Immediate"
50.3,148300,2300,75019,mister,"Immediate"
50.3,148300,2300,75019,mister,"Immediate"
63.73,40000,3600,60240,mister,"Differe"
63.73,40000,3600,60240,mister,"Differe"
61.2,40000,3600,60240,mister,"Differe"
61.2,40000,3600,60240,mister,"Differe"
34.31,74572.57,5400,51460,mister,"PIJ0001"
34.31,374062.83,5400,51460,mister,"PIJ0001"
34.31,379562.83,5400,51460,mister,"PIJ0001"
34.31,329785,5400,51460,mister,"PIJ0001"
34.31,250000,5400,51460,mister,"PIJ0001"
30.16,293401,3600,93110,mister,"Immediate"
30.16,236980,3600,93110,mister,"Immediate"
30.16,237856,3600,93110,mister,"Immediate"
30.16,293401,3600,93110,mister,"Immediate"
30.16,293401,3600,93110,mister,"Immediate"
30.16,236980,3600,93110,mister,"Immediate"
30.16,237856,3600,93110,mister,"Immediate"
30.16,293401,3600,93110,mister,"Immediate"
34.61,59470.94,5400,69008,mister,"Differe"
35.12,20350,3600,78980,mister,"Immediate"
35.12,39250,3600,78980,mister,"Immediate"
35.12,20000,3600,78980,mister,"Immediate"
35.12,12000,3600,78980,mister,"Immediate"
35.12,20350,3600,78980,mister,"Immediate"
35.12,39250,3600,78980,mister,"Immediate"
35.12,20000,3600,78980,mister,"Immediate"
35.12,12000,3600,78980,mister,"Immediate"
36.53,273776.11,3600,91430,mister,"Differe"
28.68,21379.99,3500,34725,miss,"Immediate"
28.68,197057.67,3500,34725,miss,"Immediate"
28.68,21379.99,3500,34725,miss,"Immediate"
28.68,21379.99,3500,34725,miss,"Immediate"
28.68,197057.67,3500,34725,miss,"Immediate"
28.68,21379.99,3500,34725,miss,"Immediate"
51.18,9000,223A,75016,mister,"Immediate"
51.18,10000,223A,75016,mister,"Immediate"
51.18,26900,223A,75016,mister,"Immediate"
51.18,30000,223A,75016,mister,"Immediate"
45.61,116551,3600,33460,mister,"Differe"
45.61,90000,3600,33460,mister,"Differe"
40.7,116551,3600,33460,mister,"Differe"
40.7,90000,3600,33460,mister,"Differe"
31.75,13000,312A,64200,miss,"Immediate"
31.75,5000,312A,64200,miss,"Immediate"
31.75,13000,312A,64200,miss,"Immediate"
31.75,5000,312A,64200,miss,"Immediate"
28.51,136462.81,3600,84210,mrs,"Immediate"
52.53,5000,2000,54122,mister,"Immediate"
52.53,20000,2000,54122,mister,"Immediate"
52.53,5000,2000,54122,mister,"Immediate"
52.53,5000,2000,54122,mister,"Immediate"
52.53,20000,2000,54122,mister,"Immediate"
52.53,5000,2000,54122,mister,"Immediate"
59.28,40000,311F,94130,mister,"PIJ0001"
64.16,65000,3600,75116,mister,"Differe"
64.16,75000,3600,75116,mister,"Differe"
64.16,65000,3600,75116,mister,"Differe"
64.16,75000,3600,75116,mister,"Differe"
64.16,120000,3600,75116,mister,"Differe"
30.51,197000,3600,92270,miss,"Immediate"
30.51,197000,3600,92270,miss,"Immediate"
61.14,180508,3600,75014,mister,"Immediate"
44.84,171890.61,3600,51430,mister,"Immediate"
44.84,171890.61,3600,51430,mister,"Immediate"
44.84,174729.26,3600,51430,mister,"Immediate"
43.9,171890.61,3600,51430,mister,"Differe"
43.9,171890.61,3600,51430,mister,"Differe"
43.9,171890.61,3600,51430,mister,"Differe"
43.9,171890.61,3600,51430,mister,"Differe"
43.9,171890.61,3600,51430,mister,"Differe"
43.9,171890.61,3600,51430,mister,"Differe"
31.84,139954.03,8100,75003,mister,"Immediate"
31.84,144949,8100,75003,mister,"Immediate"
59.77,20000,7600,76430,mrs,"Differe"
44.64,74610,5400,69100,miss,"Differe"
55.75,28000,5100,77100,mrs,"Immediate"
44.45,29500,5400,44500,mrs,"Immediate"
59.19,8000,5500,62100,mrs,"Differe"
59.19,3000,5500,62100,mrs,"Differe"
59.19,5400,5500,62100,mrs,"Differe"
59.19,8000,5500,62100,mrs,"Differe"
59.19,3000,5500,62100,mrs,"Differe"
59.19,5400,5500,62100,mrs,"Differe"
31.26,260295,4500,95320,miss,"Immediate"
35.79,277706,5100,01140,miss,"Immediate"
53.85,24900,5400,91940,mrs,"Immediate"
53.85,24900,5400,91940,mrs,"Immediate"
53.85,24900,5400,91940,mrs,"Immediate"
53.85,24900,5400,91940,mrs,"Immediate"
53.85,24900,5400,91940,mrs,"Immediate"
53.85,24900,5400,91940,mrs,"Immediate"
38.27,1534000,2300,22440,mister,"Immediate"
38.27,335000,2300,22440,mister,"Immediate"
38.27,163000,2300,22440,mister,"Immediate"
38.27,196000,2300,22440,mister,"Immediate"
38.27,277000,2300,22440,mister,"Immediate"
38.27,96000,2300,22440,mister,"Immediate"
60.67,41000,5500,81500,mrs,"Immediate"
46.26,490000,3600,44830,mister,"Immediate"
46.26,474900,3600,44830,mister,"Immediate"
26.37,112719,5500,78270,mister,"Immediate"
40.97,188634,5400,95500,mrs,"Immediate"
39.04,47789.44,3600,14340,mister,"Immediate"
39.04,51500,3600,14340,mister,"Immediate"
39.04,100000,3600,14340,mister,"Immediate"
48.68,200000,3100,92130,mister,"Immediate"
48.68,200000,3100,92130,mister,"Immediate"
54.13,74321.38,3300,23220,mister,"Differe"
54.13,74321.38,3300,23220,mister,"Differe"
30.43,131856.35,5100,66670,mister,"Immediate"
48.25,290000,2200,40990,mister,"Differe"
48.25,350000,2200,40990,mister,"Differe"
48.25,350000,2200,40990,mister,"Differe"
48.25,350000,2200,40990,mister,"Differe"
48.25,23200,2200,40990,mister,"Differe"
48.25,23200,2200,40990,mister,"Differe"
32.92,8091,4700,69330,miss,"Differe"
24.66,118200,5400,62100,mister,"Immediate"
75.15,42029,7000,78140,mister,"Immediate"
38.58,175451.57,3400,14920,mister,"Immediate"
38.58,44810,3400,14920,mister,"Immediate"
38.58,44995.23,3400,14920,mister,"Immediate"
38.58,56770.06,3400,14920,mister,"Immediate"
38.58,90838,3400,14920,mister,"Immediate"
38.58,54141,3400,14920,mister,"Immediate"
38.58,118899.62,3400,14920,mister,"Immediate"
38.58,56980,3400,14920,mister,"Immediate"
38.58,119670.45,3400,14920,mister,"Immediate"
38.58,175451.57,3400,14920,mister,"Immediate"
38.58,44810,3400,14920,mister,"Immediate"
38.58,44995.23,3400,14920,mister,"Immediate"
38.58,56770.06,3400,14920,mister,"Immediate"
38.58,90838,3400,14920,mister,"Immediate"
38.58,54141,3400,14920,mister,"Immediate"
38.58,118899.62,3400,14920,mister,"Immediate"
38.58,56980,3400,14920,mister,"Immediate"
38.58,119670.45,3400,14920,mister,"Immediate"
38.58,175451.57,3400,14920,mister,"Immediate"
38.58,44810,3400,14920,mister,"Immediate"
38.58,44995.23,3400,14920,mister,"Immediate"
38.58,56770.06,3400,14920,mister,"Immediate"
38.58,90838,3400,14920,mister,"Immediate"
38.58,54141,3400,14920,mister,"Immediate"
38.58,118899.62,3400,14920,mister,"Immediate"
38.58,56980,3400,14920,mister,"Immediate"
38.58,119670.45,3400,14920,mister,"Immediate"
38.58,175451.57,3400,14920,mister,"Immediate"
38.58,44810,3400,14920,mister,"Immediate"
38.58,44995.23,3400,14920,mister,"Immediate"
38.58,56770.06,3400,14920,mister,"Immediate"
38.58,90838,3400,14920,mister,"Immediate"
38.58,54141,3400,14920,mister,"Immediate"
38.58,118899.62,3400,14920,mister,"Immediate"
38.58,56980,3400,14920,mister,"Immediate"
38.58,119670.45,3400,14920,mister,"Immediate"
38.58,175451.57,3400,14920,mister,"Immediate"
38.58,44810,3400,14920,mister,"Immediate"
38.58,44995.23,3400,14920,mister,"Immediate"
38.58,56770.06,3400,14920,mister,"Immediate"
38.58,90838,3400,14920,mister,"Immediate"
38.58,54141,3400,14920,mister,"Immediate"
38.58,118899.62,3400,14920,mister,"Immediate"
38.58,56980,3400,14920,mister,"Immediate"
38.58,119670.45,3400,14920,mister,"Immediate"
39.51,175451.57,3400,14920,mister,"Immediate"
39.51,56281,3400,14920,mister,"Immediate"
39.51,90838,3400,14920,mister,"Immediate"
39.51,54141,3400,14920,mister,"Immediate"
39.51,118899.62,3400,14920,mister,"Immediate"
39.51,44995.23,3400,14920,mister,"Immediate"
39.51,56980,3400,14920,mister,"Immediate"
39.51,119670.45,3400,14920,mister,"Immediate"
39.51,175451.57,3400,14920,mister,"Immediate"
39.51,56281,3400,14920,mister,"Immediate"
39.51,90838,3400,14920,mister,"Immediate"
39.51,54141,3400,14920,mister,"Immediate"
39.51,118899.62,3400,14920,mister,"Immediate"
39.51,44995.23,3400,14920,mister,"Immediate"
39.51,56980,3400,14920,mister,"Immediate"
39.51,119670.45,3400,14920,mister,"Immediate"
39.51,175451.57,3400,14920,mister,"Immediate"
39.51,56281,3400,14920,mister,"Immediate"
39.51,90838,3400,14920,mister,"Immediate"
39.51,54141,3400,14920,mister,"Immediate"
39.51,118899.62,3400,14920,mister,"Immediate"
39.51,44995.23,3400,14920,mister,"Immediate"
39.51,56980,3400,14920,mister,"Immediate"
39.51,119670.45,3400,14920,mister,"Immediate"
39.51,175451.57,3400,14920,mister,"Immediate"
39.51,56281,3400,14920,mister,"Immediate"
39.51,90838,3400,14920,mister,"Immediate"
39.51,54141,3400,14920,mister,"Immediate"
39.51,118899.62,3400,14920,mister,"Immediate"
39.51,44995.23,3400,14920,mister,"Immediate"
39.51,56980,3400,14920,mister,"Immediate"
39.51,119670.45,3400,14920,mister,"Immediate"
39.51,175451.57,3400,14920,mister,"Immediate"
39.51,56281,3400,14920,mister,"Immediate"
39.51,90838,3400,14920,mister,"Immediate"
39.51,54141,3400,14920,mister,"Immediate"
39.51,118899.62,3400,14920,mister,"Immediate"
39.51,44995.23,3400,14920,mister,"Immediate"
39.51,56980,3400,14920,mister,"Immediate"
39.51,119670.45,3400,14920,mister,"Immediate"
33.47,60815,4700,78250,mister,"Immediate"
53.6,506000,3600,69100,mister,"PIJ0001"
45.46,10000,312A,77115,mister,"Immediate"
61.76,3000,311A,13008,mister,"Immediate"
34.63,100000,2300,10260,miss,"Immediate"
40.48,110000,3100,33110,mrs,"Differe"
40.48,280000,3100,33110,mrs,"Differe"
34.96,326550,4300,59800,mrs,"Immediate"
38.58,175451.57,3400,14920,mister,"Immediate"
38.58,44810,3400,14920,mister,"Immediate"
38.58,44995.23,3400,14920,mister,"Immediate"
38.58,56770.06,3400,14920,mister,"Immediate"
38.58,90838,3400,14920,mister,"Immediate"
38.58,54141,3400,14920,mister,"Immediate"
38.58,118899.62,3400,14920,mister,"Immediate"
38.58,56980,3400,14920,mister,"Immediate"
38.58,119670.45,3400,14920,mister,"Immediate"
38.58,175451.57,3400,14920,mister,"Immediate"
38.58,44810,3400,14920,mister,"Immediate"
38.58,44995.23,3400,14920,mister,"Immediate"
38.58,56770.06,3400,14920,mister,"Immediate"
38.58,90838,3400,14920,mister,"Immediate"
38.58,54141,3400,14920,mister,"Immediate"
38.58,118899.62,3400,14920,mister,"Immediate"
38.58,56980,3400,14920,mister,"Immediate"
38.58,119670.45,3400,14920,mister,"Immediate"
38.58,175451.57,3400,14920,mister,"Immediate"
38.58,44810,3400,14920,mister,"Immediate"
38.58,44995.23,3400,14920,mister,"Immediate"
38.58,56770.06,3400,14920,mister,"Immediate"
38.58,90838,3400,14920,mister,"Immediate"
38.58,54141,3400,14920,mister,"Immediate"
38.58,118899.62,3400,14920,mister,"Immediate"
38.58,56980,3400,14920,mister,"Immediate"
38.58,119670.45,3400,14920,mister,"Immediate"
38.58,175451.57,3400,14920,mister,"Immediate"
38.58,44810,3400,14920,mister,"Immediate"
38.58,44995.23,3400,14920,mister,"Immediate"
38.58,56770.06,3400,14920,mister,"Immediate"
38.58,90838,3400,14920,mister,"Immediate"
38.58,54141,3400,14920,mister,"Immediate"
38.58,118899.62,3400,14920,mister,"Immediate"
38.58,56980,3400,14920,mister,"Immediate"
38.58,119670.45,3400,14920,mister,"Immediate"
38.58,175451.57,3400,14920,mister,"Immediate"
38.58,44810,3400,14920,mister,"Immediate"
38.58,44995.23,3400,14920,mister,"Immediate"
38.58,56770.06,3400,14920,mister,"Immediate"
38.58,90838,3400,14920,mister,"Immediate"
38.58,54141,3400,14920,mister,"Immediate"
38.58,118899.62,3400,14920,mister,"Immediate"
38.58,56980,3400,14920,mister,"Immediate"
38.58,119670.45,3400,14920,mister,"Immediate"
39.51,175451.57,3400,14920,mister,"Immediate"
39.51,56281,3400,14920,mister,"Immediate"
39.51,90838,3400,14920,mister,"Immediate"
39.51,54141,3400,14920,mister,"Immediate"
39.51,118899.62,3400,14920,mister,"Immediate"
39.51,44995.23,3400,14920,mister,"Immediate"
39.51,56980,3400,14920,mister,"Immediate"
39.51,119670.45,3400,14920,mister,"Immediate"
39.51,175451.57,3400,14920,mister,"Immediate"
39.51,56281,3400,14920,mister,"Immediate"
39.51,90838,3400,14920,mister,"Immediate"
39.51,54141,3400,14920,mister,"Immediate"
39.51,118899.62,3400,14920,mister,"Immediate"
39.51,44995.23,3400,14920,mister,"Immediate"
39.51,56980,3400,14920,mister,"Immediate"
39.51,119670.45,3400,14920,mister,"Immediate"
39.51,175451.57,3400,14920,mister,"Immediate"
39.51,56281,3400,14920,mister,"Immediate"
39.51,90838,3400,14920,mister,"Immediate"
39.51,54141,3400,14920,mister,"Immediate"
39.51,118899.62,3400,14920,mister,"Immediate"
39.51,44995.23,3400,14920,mister,"Immediate"
39.51,56980,3400,14920,mister,"Immediate"
39.51,119670.45,3400,14920,mister,"Immediate"
39.51,175451.57,3400,14920,mister,"Immediate"
39.51,56281,3400,14920,mister,"Immediate"
39.51,90838,3400,14920,mister,"Immediate"
39.51,54141,3400,14920,mister,"Immediate"
39.51,118899.62,3400,14920,mister,"Immediate"
39.51,44995.23,3400,14920,mister,"Immediate"
39.51,56980,3400,14920,mister,"Immediate"
39.51,119670.45,3400,14920,mister,"Immediate"
39.51,175451.57,3400,14920,mister,"Immediate"
39.51,56281,3400,14920,mister,"Immediate"
39.51,90838,3400,14920,mister,"Immediate"
39.51,54141,3400,14920,mister,"Immediate"
39.51,118899.62,3400,14920,mister,"Immediate"
39.51,44995.23,3400,14920,mister,"Immediate"
39.51,56980,3400,14920,mister,"Immediate"
39.51,119670.45,3400,14920,mister,"Immediate"
34.47,120658,3600,93600,mister,"Immediate"
34.47,218828,3600,93600,mister,"Immediate"
34.47,215546,3600,93600,mister,"Immediate"
34.47,118493.04,3600,93600,mister,"Immediate"
34.47,215524.56,3600,93600,mister,"Immediate"
34.47,120658,3600,93600,mister,"Immediate"
34.47,218828,3600,93600,mister,"Immediate"
34.47,215546,3600,93600,mister,"Immediate"
34.47,118493.04,3600,93600,mister,"Immediate"
34.47,215524.56,3600,93600,mister,"Immediate"
36.68,329670,3600,75015,mister,"Immediate"
43.93,32319.14,5500,94250,mister,"Immediate"
50.44,74244,3600,35890,mister,"Differe"
50.44,74244,3600,35890,mister,"Differe"
46.19,417502,4300,78150,mrs,"Immediate"
47.22,30376.15,3100,64160,mrs,"Immediate"
53.03,74957,6100,71960,mister,"Differe"
53.03,18870,6100,71960,mister,"Differe"
35.95,4200,217C,31400,miss,"Immediate"
32.27,10000,3100,86100,mister,"Immediate"
32.27,215106,3100,86100,mister,"Immediate"
33.75,40000,2100,13012,mister,"Immediate"
33.68,40000,2100,13012,mister,"Immediate"
33.68,72714,2100,13012,mister,"Immediate"
33.68,20000,2100,13012,mister,"Immediate"
37.39,182915.31,5500,70190,miss,"Immediate"
37.12,5000,5400,92000,miss,"Immediate"
37.12,256666,5400,92000,miss,"Immediate"
37.12,10000,5400,92000,miss,"Immediate"
37.12,8000,5400,92000,miss,"Immediate"
24.94,258228.5,4300,92800,miss,"Immediate"
24.94,258228.5,4300,92800,miss,"Immediate"
29.06,258228.5,4300,92800,miss,"Differe"
29.06,258228.5,4300,92800,miss,"Differe"
32.3,144990.45,3600,93160,mister,"Immediate"
32.3,108524.02,3600,93160,mister,"Immediate"
32.3,144990.45,3600,93160,mister,"Immediate"
32.3,108524.02,3600,93160,mister,"Immediate"
32.3,144990.45,3600,93160,mister,"Immediate"
32.3,108524.02,3600,93160,mister,"Immediate"
40.94,35711.54,4500,99999,miss,"Immediate"
40.94,35711.54,4500,99999,miss,"Immediate"
40.69,35711.54,4500,99999,miss,"Immediate"
40.69,35711.54,4500,99999,miss,"Immediate"
26.69,15000,4700,95690,mister,"Immediate"
26.69,15000,4700,95690,mister,"Immediate"
26.69,15000,4700,95690,mister,"Immediate"
26.69,15000,4700,95690,mister,"Immediate"
26.69,18000,4700,95690,mister,"Immediate"
38.9,100000,4700,07800,mister,"Immediate"
38.9,172168,4700,07800,mister,"Immediate"
38.9,172929.71,4700,07800,mister,"Immediate"
38.9,172169.19,4700,07800,mister,"Immediate"
36.06,172168,4700,07800,mister,"Immediate"
36.06,172929.71,4700,07800,mister,"Immediate"
36.06,172169.19,4700,07800,mister,"Immediate"
44.56,250119,3100,86280,mister,"Immediate"
57.12,270821.26,3600,78990,mrs,"Differe"
57.12,270821.26,3600,78990,mrs,"Differe"
57.12,275548.84,3600,78990,mrs,"Differe"
57.12,270821.26,3600,78990,mrs,"Differe"
57.12,270821.26,3600,78990,mrs,"Differe"
57.12,275548.84,3600,78990,mrs,"Differe"
71.36,40000,7000,29870,mrs,"Differe"
71.36,20000,7000,29870,mrs,"Differe"
71.36,40000,7000,29870,mrs,"Differe"
71.36,20000,7000,29870,mrs,"Differe"
45.14,129940.48,4700,78700,mister,"Differe"
52.49,32000,6100,93290,mister,"Immediate"
58.98,49000,3600,44420,mister,"Differe"
58.98,44000,3600,44420,mister,"Differe"
53.5,168050,5500,60420,mrs,"Differe"
53.5,168050,5500,60420,mrs,"Differe"
53.5,168050,5500,60420,mrs,"Differe"
29.39,150520,3100,92330,miss,"Immediate"
29.39,150520,3100,92330,miss,"Immediate"
54.19,30000,5400,01130,mrs,"Immediate"
54.19,100000,5400,01130,mrs,"Immediate"
30.31,167497,5400,93110,miss,"Immediate"
40.5,167469,5600,83560,miss,"Immediate"
32.32,85403,3600,69590,mister,"Immediate"
32.32,85403,3600,69590,mister,"Immediate"
32.32,190140,3600,69590,mister,"Immediate"
32.32,101670,3600,69590,mister,"Immediate"
32.32,85403,3600,69590,mister,"Immediate"
32.32,85403,3600,69590,mister,"Immediate"
32.32,190140,3600,69590,mister,"Immediate"
32.32,101670,3600,69590,mister,"Immediate"
32.32,85403,3600,69590,mister,"Immediate"
32.32,85403,3600,69590,mister,"Immediate"
32.32,190140,3600,69590,mister,"Immediate"
32.32,101670,3600,69590,mister,"Immediate"
44.4,25088.47,5400,13115,mister,"Immediate"
44.4,79101.3,5400,13115,mister,"Immediate"
44.4,25088.47,5400,13115,mister,"Immediate"
44.4,79101.3,5400,13115,mister,"Immediate"
35.02,154335,4700,74250,mister,"Immediate"
41.53,67694,8100,06100,mrs,"Immediate"
40.5,67694,8100,06100,mrs,"Immediate"
42.8,123665,3600,26750,mister,"Immediate"
53.62,7800,2000,77290,mister,"Immediate"
53.62,7800,2000,77290,mister,"Immediate"
53.62,27000,2000,77290,mister,"Immediate"
53.62,7800,2000,77290,mister,"Immediate"
53.62,7800,2000,77290,mister,"Immediate"
53.62,27000,2000,77290,mister,"Immediate"
53.62,7800,2000,77290,mister,"Immediate"
53.62,7800,2000,77290,mister,"Immediate"
53.62,27000,2000,77290,mister,"Immediate"
39.86,250500,5500,93140,mrs,"Immediate"
38,250500,5500,93140,mrs,"Immediate"
34.73,250000,5400,67760,mrs,"Differe"
34.73,180849.91,5400,67760,mrs,"Differe"
34.73,239450,5400,67760,mrs,"Differe"
25.33,183000,5400,28210,mister,"Immediate"
35.84,159294,3600,75018,mister,"Immediate"
35.84,159294,3600,75018,mister,"Immediate"
35.84,261406,3600,75018,mister,"Immediate"
35.84,153974.19,3600,75018,mister,"Immediate"
35.84,249000,3600,75018,mister,"Immediate"
35.84,159294,3600,75018,mister,"Immediate"
35.84,159294,3600,75018,mister,"Immediate"
35.84,261406,3600,75018,mister,"Immediate"
35.84,153974.19,3600,75018,mister,"Immediate"
35.84,249000,3600,75018,mister,"Immediate"
32.95,25813,4700,33880,mister,"Differe"
38.16,45725.28,5400,45200,miss,"Differe"
38.31,192257.51,4700,69360,mrs,"Immediate"
38.31,86567.66,4700,69360,mrs,"Immediate"
38.31,192257.51,4700,69360,mrs,"Immediate"
38.31,86567.66,4700,69360,mrs,"Immediate"
62.16,30000,5500,38190,mister,"Immediate"
57.93,15000,2100,94000,mister,"Immediate"
57.93,10000,2100,94000,mister,"Immediate"
46.03,5000,2000,94700,mister,"Immediate"
46.03,20000,2000,94700,mister,"Immediate"
46.03,73333.79,2000,94700,mister,"Immediate"
46.03,10000,2000,94700,mister,"Immediate"
46.03,5000,2000,94700,mister,"Immediate"
46.03,20000,2000,94700,mister,"Immediate"
46.03,73333.79,2000,94700,mister,"Immediate"
46.03,10000,2000,94700,mister,"Immediate"
46.03,5000,2000,94700,mister,"Immediate"
46.03,20000,2000,94700,mister,"Immediate"
46.03,73333.79,2000,94700,mister,"Immediate"
46.03,10000,2000,94700,mister,"Immediate"
36.83,201800,2200,14800,mister,"Immediate"
29.38,349900,3100,75015,miss,"PIJ0001"
38.21,10500,5400,76290,mrs,"Immediate"
52.02,25283,4700,20167,mister,"Immediate"
52.02,25000,4700,20167,mister,"Immediate"
52.02,25283,4700,20167,mister,"Immediate"
52.02,25000,4700,20167,mister,"Immediate"
42.5,30000,2300,13010,miss,"Immediate"
42.5,30000,2300,13010,miss,"Immediate"
35.92,131733,5100,21440,mister,"Immediate"
35.92,131733,5100,21440,mister,"Immediate"
32.58,25560,4700,31530,mister,"Differe"
32.58,227057,4700,31530,mister,"Differe"
32.58,25560,4700,31530,mister,"Differe"
32.58,227057,4700,31530,mister,"Differe"
44.12,25560,4700,31530,mister,"Differe"
44.12,227057,4700,31530,mister,"Differe"
44.12,25560,4700,31530,mister,"Differe"
44.12,227057,4700,31530,mister,"Differe"
57.6,200000,8100,35170,mrs,"Immediate"
57.6,250000,8100,35170,mrs,"Immediate"
57.6,200000,8100,35170,mrs,"Immediate"
57.6,400000,8100,35170,mrs,"Immediate"
57.6,200000,8100,35170,mrs,"Immediate"
57.6,250000,8100,35170,mrs,"Immediate"
57.6,200000,8100,35170,mrs,"Immediate"
57.6,400000,8100,35170,mrs,"Immediate"
54.62,250000,8100,35170,mrs,"Immediate"
54.62,200000,8100,35170,mrs,"Immediate"
54.62,200000,8100,35170,mrs,"Immediate"
54.62,250000,8100,35170,mrs,"Immediate"
54.62,200000,8100,35170,mrs,"Immediate"
54.62,250000,8100,35170,mrs,"Immediate"
54.62,250000,8100,35170,mrs,"Immediate"
54.62,200000,8100,35170,mrs,"Immediate"
54.62,200000,8100,35170,mrs,"Immediate"
54.62,250000,8100,35170,mrs,"Immediate"
54.62,200000,8100,35170,mrs,"Immediate"
54.62,250000,8100,35170,mrs,"Immediate"
55.17,428143.79,3100,33000,mrs,"PIJ0001"
55.17,213821.19,3100,33000,mrs,"PIJ0001"
55.17,547742.37,3100,33000,mrs,"PIJ0001"
55.17,547742.37,3100,33000,mrs,"PIJ0001"
55.17,547742.37,3100,33000,mrs,"PIJ0001"
55.17,15000,3100,33000,mrs,"PIJ0001"
55.17,109011.89,3100,33000,mrs,"PIJ0001"
55.17,428143.79,3100,33000,mrs,"PIJ0001"
55.17,213821.19,3100,33000,mrs,"PIJ0001"
55.17,547742.37,3100,33000,mrs,"PIJ0001"
55.17,547742.37,3100,33000,mrs,"PIJ0001"
55.17,547742.37,3100,33000,mrs,"PIJ0001"
55.17,15000,3100,33000,mrs,"PIJ0001"
55.17,109011.89,3100,33000,mrs,"PIJ0001"
55.17,428143.79,3100,33000,mrs,"PIJ0001"
55.17,213821.19,3100,33000,mrs,"PIJ0001"
55.17,547742.37,3100,33000,mrs,"PIJ0001"
55.17,547742.37,3100,33000,mrs,"PIJ0001"
55.17,547742.37,3100,33000,mrs,"PIJ0001"
55.17,15000,3100,33000,mrs,"PIJ0001"
55.17,109011.89,3100,33000,mrs,"PIJ0001"
55.17,428143.79,3100,33000,mrs,"PIJ0001"
55.17,213821.19,3100,33000,mrs,"PIJ0001"
55.17,547742.37,3100,33000,mrs,"PIJ0001"
55.17,547742.37,3100,33000,mrs,"PIJ0001"
55.17,547742.37,3100,33000,mrs,"PIJ0001"
55.17,15000,3100,33000,mrs,"PIJ0001"
55.17,109011.89,3100,33000,mrs,"PIJ0001"
57.26,13000,6100,78300,mister,"Differe"
37.33,20490.17,3600,31000,mister,"Immediate"
37.33,20490.17,3600,31000,mister,"Immediate"
43.23,385364,3600,75017,mister,"PIJ0001"
43.23,385364,3600,75017,mister,"PIJ0001"
43.23,385364,3600,75017,mister,"Immediate"
43.23,385364,3600,75017,mister,"Immediate"
43.23,385364,3600,75017,mister,"Immediate"
43.23,385364,3600,75017,mister,"Immediate"
52.06,456000,4600,75012,miss,"Immediate"
50.66,456000,4600,75012,miss,"PIJ0001"
50.66,456000,4600,75012,miss,"PIJ0001"
32.79,123515,5400,40230,miss,"Differe"
60.88,55000,3300,75012,miss,"Immediate"
60.88,71000,3300,75012,miss,"Immediate"
60.88,91000,3300,75012,miss,"Immediate"
60.47,20000,3300,75012,miss,"Immediate"
43.41,3000,2000,95500,mister,"Immediate"
65.58,267627.99,3600,06560,mister,"Differe"
65.58,267627.99,3600,06560,mister,"Differe"
65.58,255500,3600,06560,mister,"Differe"
45.55,240927,3600,59800,mrs,"Differe"
46.22,40000,2000,20260,mrs,"Immediate"
46.22,150000,2000,20260,mrs,"Immediate"
46.22,40000,2000,20260,mrs,"Immediate"
46.22,150000,2000,20260,mrs,"Immediate"
34.97,108147,5400,27300,miss,"Immediate"
34.97,108147,5400,27300,miss,"Immediate"
51.98,209680,3600,77240,mister,"Immediate"
51.98,209680,3600,77240,mister,"Immediate"
51.98,209680,3600,77240,mister,"Immediate"
51.98,209680,3600,77240,mister,"Immediate"
44.48,35000,3100,58320,mister,"Immediate"
52.14,30000,2200,87410,mrs,"Immediate"
52.14,19900,2200,87410,mrs,"Immediate"
52.14,30000,2200,87410,mrs,"Immediate"
